<?xml version="1.0" encoding="UTF-8"?>
<project-private xmlns="http://www.netbeans.org/ns/project-private/1">
    <editor-bookmarks xmlns="http://www.netbeans.org/ns/editor-bookmarks/2" lastBookmarkId="0"/>
    <open-files xmlns="http://www.netbeans.org/ns/projectui-open-files/2">
        <group>
            <file>file:/C:/Users/redri/Documents/NetBeansProjects/CalificacionLocales/web/registro.jsp</file>
            <file>file:/C:/Users/redri/Documents/NetBeansProjects/CalificacionLocales/src/java/com/calificacionlocales/dao/LocalDAO.java</file>
            <file>file:/C:/Users/redri/Documents/NetBeansProjects/CalificacionLocales/src/java/com/calificacionlocales/servlets/ValoracionServlet.java</file>
            <file>file:/C:/Users/redri/Documents/NetBeansProjects/CalificacionLocales/web/login.jsp</file>
            <file>file:/C:/Users/redri/Documents/NetBeansProjects/CalificacionLocales/web/admin/nuevoLocal.jsp</file>
            <file>file:/C:/Users/redri/Documents/NetBeansProjects/CalificacionLocales/src/java/com/calificacionlocales/dao/impl/ValoracionDAOImpl.java</file>
            <file>file:/C:/Users/redri/Documents/NetBeansProjects/CalificacionLocales/src/java/com/calificacionlocales/dao/ValoracionDAO.java</file>
            <file>file:/C:/Users/redri/Documents/NetBeansProjects/CalificacionLocales/src/java/com/calificacionlocales/dao/impl/LocalDAOImpl.java</file>
            <file>file:/C:/Users/redri/Documents/NetBeansProjects/CalificacionLocales/src/java/com/calificacionlocales/servlets/RegistroServlet.java</file>
            <file>file:/C:/Users/redri/Documents/NetBeansProjects/CalificacionLocales/web/index.jsp</file>
            <file>file:/C:/Users/redri/Documents/NetBeansProjects/CalificacionLocales/web/locales/list.jsp</file>
            <file>file:/C:/Users/redri/Documents/NetBeansProjects/CalificacionLocales/src/java/com/calificacionlocales/fachada/AppFacade.java</file>
            <file>file:/C:/Users/redri/Documents/NetBeansProjects/CalificacionLocales/web/admin/dashboard.jsp</file>
            <file>file:/C:/Users/redri/Documents/NetBeansProjects/CalificacionLocales/src/java/com/calificacionlocales/servlets/LogoutServlet.java</file>
            <file>file:/C:/Users/redri/Documents/NetBeansProjects/CalificacionLocales/src/java/com/calificacionlocales/servlets/LocalController.java</file>
            <file>file:/C:/Users/redri/Documents/NetBeansProjects/CalificacionLocales/src/java/com/calificacionlocales/servlets/AdminDashboardServlet.java</file>
            <file>file:/C:/Users/redri/Documents/NetBeansProjects/CalificacionLocales/web/locales/detail.jsp</file>
            <file>file:/C:/Users/redri/Documents/NetBeansProjects/CalificacionLocales/src/java/com/calificacionlocales/servlets/AdminLocalServlet.java</file>
            <file>file:/C:/Users/redri/Documents/NetBeansProjects/CalificacionLocales/src/java/com/calificacionlocales/dao/Conexion.java</file>
            <file>file:/C:/Users/redri/Documents/NetBeansProjects/CalificacionLocales/web/WEB-INF/web.xml</file>
            <file>file:/C:/Users/redri/Documents/NetBeansProjects/CalificacionLocales/src/java/com/calificacionlocales/dto/UsuarioDTO.java</file>
            <file>file:/C:/Users/redri/Documents/NetBeansProjects/CalificacionLocales/src/java/com/calificacionlocales/servlets/LoginServlet.java</file>
            <file>file:/C:/Users/redri/Documents/NetBeansProjects/CalificacionLocales/src/java/com/calificacionlocales/util/DBUtil.java</file>
            <file>file:/C:/Users/redri/Documents/NetBeansProjects/CalificacionLocales/src/java/com/calificacionlocales/dto/LocalDTO.java</file>
            <file>file:/C:/Users/redri/Documents/NetBeansProjects/CalificacionLocales/src/java/com/calificacionlocales/dto/ValoracionDTO.java</file>
        </group>
    </open-files>
</project-private>
