<?xml version="1.0" encoding="UTF-8"?>
<project-private xmlns="http://www.netbeans.org/ns/project-private/1">
    <editor-bookmarks xmlns="http://www.netbeans.org/ns/editor-bookmarks/2" lastBookmarkId="0"/>
    <open-files xmlns="http://www.netbeans.org/ns/projectui-open-files/2">
        <group>
            <file>file:/C:/Users/redri/Documents/NetBeansProjects/CalificacionLocales/src/java/com/calificacionlocales/servlets/RegistroServlet.java</file>
            <file>file:/C:/Users/redri/Documents/NetBeansProjects/CalificacionLocales/web/registro.html</file>
            <file>file:/C:/Users/redri/Documents/NetBeansProjects/CalificacionLocales/src/java/com/calificacionlocales/servlets/LogoutServlet.java</file>
            <file>file:/C:/Users/redri/Documents/NetBeansProjects/CalificacionLocales/web/index.jsp</file>
            <file>file:/C:/Users/redri/Documents/NetBeansProjects/CalificacionLocales/src/java/com/calificacionlocales/servlets/LoginServlet.java</file>
            <file>file:/C:/Users/redri/Documents/NetBeansProjects/CalificacionLocales/web/login.html</file>
        </group>
    </open-files>
</project-private>
